{
  "run_id": "lfm2-base-q4_k_m-chromium",
  "model_path": "/Users/joaquin.terrasamoya/Documents/prjcts/_own/HTLM/export/out/lfm2-base-q4_k_m.gguf",
  "browser": "chromium",
  "total_steps": 408,
  "correct_steps": 1,
  "accuracy": 0.0024509803921568627,
  "mean_latency_ms": 1080.434926470705,
  "p50_latency_ms": null,
  "p95_latency_ms": 2131.185000061989,
  "errors": 336,
  "strict_accuracy": 0.0024509803921568627,
  "type_accuracy": 0.0024509803921568627,
  "index_top1": 0.004901960784313725,
  "parse_failure_rate": 0.8235294117647058,
  "n_records": 408,
  "model_id": "LiquidAI/LFM2.5-350M"
}