{
  "strict_accuracy": 0.4666666666666667,
  "type_accuracy": 0.4666666666666667,
  "index_top1": 1.0,
  "parse_failure_rate": 0.0,
  "mean_latency_ms": 992.2023333390554,
  "p95_latency_ms": 1295.2750000953674,
  "n_records": 30,
  "model_id": "LiquidAI/LFM2.5-350M",
  "run_id": "lfm2.5-350m-q4_k_m-chromium",
  "browser": "chromium"
}